fixed acidity,chlorides,total sulfur dioxide,density,pH,sulphates,alcohol,quality,Id
7.4,0.076,34.0,0.9978,3.51,0.56,9.4,5,0
7.8,0.098,67.0,0.9968,3.2,0.68,9.8,5,1
7.8,0.092,54.0,0.997,3.26,0.65,9.8,5,2
11.2,0.075,60.0,0.998,3.16,0.58,9.8,6,3
7.4,0.076,34.0,0.9978,3.51,0.56,9.4,5,4
7.4,0.075,40.0,0.9978,3.51,0.56,9.4,5,5
7.9,0.069,59.0,0.9964,3.3,0.46,9.4,5,6
7.3,0.065,21.0,0.9946,3.39,0.47,10.0,7,7
7.8,0.073,18.0,0.9968,3.36,0.57,9.5,7,8
6.7,0.097,65.0,0.9959,3.28,0.54,9.2,5,10
5.6,0.08900000000000001,59.0,0.9943,3.58,0.52,9.9,5,12
7.8,0.114,29.0,0.9974,3.26,1.56,9.1,5,13
8.5,0.092,103.0,0.9969,3.3,0.75,10.5,7,16
7.9,0.341,56.0,0.9969,3.04,1.08,9.2,6,19
7.6,0.08199999999999999,71.0,0.9982,3.52,0.65,9.7,5,21
7.9,0.106,37.0,0.9966,3.17,0.91,9.5,5,22
8.5,0.084,67.0,0.9968,3.17,0.53,9.4,5,23
6.9,0.085,40.0,0.9968,3.43,0.63,9.7,6,24
6.3,0.08,23.0,0.9955,3.34,0.56,9.3,5,25
7.6,0.08,11.0,0.9962,3.28,0.59,9.5,5,26
7.1,0.08,35.0,0.9972,3.47,0.55,9.4,5,28
7.8,0.08199999999999999,16.0,0.9964,3.38,0.59,9.8,6,29
6.7,0.08900000000000001,82.0,0.9958,3.35,0.54,10.1,5,30
8.3,0.083,113.0,0.9966,3.17,0.66,9.8,5,32
5.2,0.103,50.0,0.9957,3.38,0.55,9.2,5,34
7.8,0.086,18.0,0.9986,3.4,0.55,9.6,6,35
7.8,0.086,15.0,0.9975,3.42,0.6,10.8,6,36
8.1,0.066,30.0,0.9968,3.23,0.73,9.7,7,37
7.3,0.07400000000000001,87.0,0.9978,3.33,0.83,10.5,5,40
8.8,0.08800000000000001,46.0,0.9976,3.26,0.51,9.3,4,41
7.5,0.332,14.0,0.9968,3.21,0.9,10.5,6,42
8.1,0.069,23.0,0.9968,3.3,1.2,10.3,5,43
4.6,0.054000000000000006,65.0,0.9934,3.9,0.56,13.1,4,45
7.7,0.114,114.0,0.997,3.25,0.73,9.2,5,46
8.8,0.07400000000000001,23.0,0.9971,3.15,0.74,9.2,5,50
6.6,0.069,15.0,0.9956,3.4,0.63,9.4,6,51
6.6,0.068,14.0,0.9955,3.39,0.64,9.4,6,52
8.6,0.081,119.0,0.997,3.2,0.56,9.4,5,53
7.6,0.11,73.0,0.9955,3.17,0.63,10.2,6,54
10.2,0.07,10.0,0.9971,3.04,0.63,9.6,5,56
7.8,0.076,54.0,0.9975,3.43,0.59,10.0,5,58
7.3,0.07400000000000001,46.0,0.9962,3.41,0.54,9.4,6,59
8.8,0.079,52.0,0.998,3.44,0.64,9.2,5,60
7.7,0.115,112.0,0.9968,3.21,0.71,9.3,5,61
7.0,0.081,54.0,0.9966,3.39,0.57,9.8,5,63
7.2,0.086,11.0,0.9962,3.41,0.39,10.9,5,64
7.2,0.086,11.0,0.9962,3.41,0.39,10.9,5,65
6.6,0.076,15.0,0.9962,3.44,0.58,10.7,5,67
8.0,0.07400000000000001,19.0,0.9962,3.34,0.95,10.5,6,69
7.7,0.084,94.0,0.9961,3.31,0.48,9.5,5,72
8.3,0.084,43.0,0.9976,3.31,0.53,9.2,4,73
8.8,0.093,42.0,0.9986,3.54,0.66,10.5,5,76
6.8,0.104,30.0,0.9966,3.52,0.55,10.7,6,77
6.7,0.086,80.0,0.9958,3.38,0.52,10.1,5,78
8.3,0.08,119.0,0.9972,3.16,1.12,9.1,4,79
6.2,0.069,15.0,0.9958,3.41,0.56,9.2,5,80
7.4,0.086,73.0,0.997,3.36,0.57,9.1,5,82
6.3,0.069,61.0,0.9959,3.44,0.78,10.3,6,84
6.9,0.076,40.0,0.9961,3.41,0.59,10.1,5,85
8.6,0.11,136.0,0.9972,2.93,1.95,9.9,6,86
7.7,0.062,31.0,0.9966,3.39,0.64,9.6,5,87
9.3,0.107,125.0,0.9978,3.14,1.22,9.5,5,88
7.0,0.076,24.0,0.9978,3.48,0.53,9.0,5,89
7.9,0.079,140.0,0.9964,3.23,0.54,9.5,5,90
8.6,0.11,136.0,0.9972,2.93,1.95,9.9,6,91
7.7,0.062,31.0,0.9966,3.39,0.64,9.6,5,93
5.0,0.045,85.0,0.9938,3.75,0.48,10.5,4,94
6.8,0.102,23.0,0.9965,3.45,0.56,10.7,5,96
7.6,0.079,10.0,0.9967,3.39,0.56,9.8,5,98
8.1,0.08,35.0,0.9972,3.3,0.59,9.0,6,99
8.3,0.084,50.0,0.9972,3.4,0.61,10.2,6,100
8.1,0.08,35.0,0.9972,3.3,0.59,9.0,6,102
8.1,0.077,65.0,0.9967,3.29,0.51,9.2,5,103
7.2,0.07,36.0,0.996,3.33,0.48,9.4,5,104
8.1,0.077,65.0,0.9967,3.29,0.51,9.2,5,105
7.8,0.467,69.0,0.9973,3.08,1.31,9.3,5,106
6.2,0.08800000000000001,64.0,0.9969,3.46,0.79,9.3,5,107
7.8,0.104,47.0,0.9964,3.19,0.93,9.5,5,110
8.4,0.084,108.0,0.9964,3.15,0.66,9.8,5,111
10.1,0.08,46.0,0.9988,3.32,0.67,9.7,6,113
7.8,0.104,47.0,0.9964,3.19,0.93,9.5,5,114
9.4,0.09,62.0,0.9966,3.07,0.63,10.5,6,115
8.3,0.077,40.0,0.9978,3.39,0.61,10.0,6,116
7.3,0.17800000000000002,89.0,0.9962,3.3,0.57,9.0,5,120
8.8,0.119,56.0,0.9962,3.21,0.6,10.9,6,121
7.3,0.075,13.0,0.998,3.49,0.52,9.2,5,122
7.8,0.08199999999999999,102.0,0.996,3.39,0.48,9.5,5,124
8.2,0.081,12.0,0.9964,3.53,0.49,10.9,5,126
8.1,0.08199999999999999,12.0,0.9964,3.54,0.48,10.9,5,127
8.0,0.065,16.0,0.9962,3.42,0.92,10.5,7,128
8.0,0.118,134.0,0.9968,3.24,0.66,9.4,5,130
5.6,0.049,99.0,0.9937,3.63,0.63,13.0,5,131
7.9,0.084,29.0,0.9959,3.22,0.55,9.9,6,134
8.4,0.09,63.0,0.9965,3.19,0.82,9.6,5,135
7.2,0.081,45.0,0.9972,3.48,0.64,9.2,5,137
8.4,0.09,63.0,0.9965,3.19,0.82,9.6,5,140
5.2,0.05,63.0,0.9916,3.68,0.79,14.0,6,142
6.3,0.066,20.0,0.9954,3.34,0.58,9.4,5,143
5.2,0.05,63.0,0.9916,3.68,0.79,14.0,6,144
8.1,0.117,141.0,0.9968,3.17,0.62,9.4,5,145
5.8,0.087,94.0,0.9944,3.54,0.52,10.0,5,146
6.9,0.07400000000000001,30.0,0.9959,3.42,0.58,10.2,6,148
7.3,0.077,11.0,0.9958,3.33,0.53,10.3,6,150
9.2,0.61,69.0,0.9996,2.74,2.0,9.4,4,151
7.5,0.095,99.0,0.995,3.35,0.54,10.1,5,152
7.5,0.095,99.0,0.995,3.35,0.54,10.1,5,153
7.1,0.071,128.0,0.9973,3.42,0.71,10.5,5,155
7.1,0.07,129.0,0.9973,3.42,0.72,10.5,5,156
7.1,0.071,128.0,0.9973,3.42,0.71,10.5,5,157
7.1,0.073,22.0,0.9969,3.48,0.5,9.3,5,158
6.8,0.079,86.0,0.9968,3.59,0.57,9.3,6,159
7.6,0.09,20.0,0.9959,3.2,0.56,9.6,5,160
7.6,0.07200000000000001,20.0,0.9965,3.17,1.08,9.2,4,161
7.8,0.076,31.0,0.9964,3.33,0.56,10.0,6,162
7.4,0.07,121.0,0.9982,3.37,0.49,9.4,5,163
7.3,0.07,121.0,0.9981,3.37,0.49,9.4,5,164
7.8,0.1,96.0,0.9961,3.19,0.62,9.5,5,165
6.8,0.085,101.0,0.9956,3.34,0.52,10.2,5,166
7.3,0.07200000000000001,42.0,0.9956,3.37,0.48,9.0,4,167
6.8,0.08900000000000001,44.0,0.9953,3.47,0.55,10.4,6,168
7.9,0.058,8.0,0.9972,3.36,0.33,9.1,4,170
8.0,0.073,18.0,0.9972,3.29,0.61,9.2,6,172
7.4,0.068,42.0,0.9961,3.42,0.57,11.5,6,173
6.9,0.085,49.0,0.9958,3.35,0.78,9.5,5,175
7.3,0.08,35.0,0.9961,3.33,0.47,9.5,5,176
7.5,0.087,38.0,0.9972,3.58,0.61,10.5,6,177
7.0,0.068,20.0,0.9969,3.48,0.56,9.6,5,178
8.8,0.067,42.0,0.9969,3.19,0.59,9.5,5,179
8.8,0.067,42.0,0.9969,3.19,0.59,9.5,5,180
8.9,0.27,110.0,0.9972,3.12,1.02,9.3,5,181
7.2,0.076,42.0,0.9972,3.44,0.52,9.3,5,182
6.8,0.077,65.0,0.9971,3.54,0.58,9.3,5,183
6.7,0.079,62.0,0.997,3.52,0.58,9.3,6,184
8.9,0.111,85.0,0.9971,3.26,0.53,9.7,5,185
7.4,0.08199999999999999,67.0,0.9972,3.34,0.55,9.2,5,186
7.9,0.084,143.0,0.9968,3.2,0.55,9.5,5,188
8.2,0.077,127.0,0.9976,3.23,0.62,9.4,5,190
6.4,0.07400000000000001,49.0,0.9974,3.57,0.62,9.8,6,191
7.6,0.071,28.0,0.9964,3.28,0.55,9.7,5,193
7.6,0.071,28.0,0.9964,3.28,0.55,9.7,5,194
7.3,0.07400000000000001,55.0,0.9968,3.46,0.59,10.2,5,196
11.5,0.067,27.0,0.9981,3.11,0.97,10.1,6,197
6.9,0.061,31.0,0.9948,3.51,0.43,11.4,4,199
9.6,0.056,24.0,0.99695,3.22,0.82,10.3,7,200
7.0,0.08900000000000001,37.0,0.99615,3.34,0.56,9.2,6,204
12.8,0.095,28.0,0.9994,3.2,0.77,10.8,7,205
12.8,0.095,28.0,0.9994,3.2,0.77,10.8,7,206
7.8,0.1,95.0,0.9966,3.22,0.67,9.4,5,208
9.7,0.039,19.0,0.99585,3.3,0.86,12.4,6,210
8.0,0.083,62.0,0.99685,3.35,0.56,10.0,6,211
8.2,0.06,65.0,0.9959,3.3,0.43,10.1,5,213
7.8,0.092,41.0,0.9974,3.24,0.71,9.8,6,214
7.0,0.06,121.0,0.9974,3.34,0.76,10.5,5,215
8.7,0.101,49.0,0.9962,3.14,0.57,11.0,5,216
8.1,0.07200000000000001,41.0,0.9967,3.36,0.55,9.1,5,217
7.5,0.076,44.0,0.9957,3.39,0.54,9.7,5,218
7.8,0.08199999999999999,58.0,0.9964,3.34,0.59,9.4,6,220
7.4,0.101,72.0,0.9957,3.15,0.57,9.4,5,221
6.8,0.057,10.0,0.99525,3.42,0.6,9.5,5,222
8.6,0.083,28.0,0.99815,3.28,0.6,10.0,6,223
7.7,0.073,63.0,0.99615,3.37,0.58,10.5,6,225
8.9,0.337,81.0,0.9964,3.04,1.61,9.5,6,226
5.2,0.054000000000000006,106.0,0.9927,3.54,0.62,12.2,7,230
8.0,0.078,49.0,0.99625,3.37,0.52,9.9,6,231
8.5,0.09,58.0,0.998,3.34,0.7,9.6,6,232
8.2,0.065,37.0,0.99685,3.32,0.55,9.0,6,234
7.2,0.097,38.0,0.99675,3.37,0.58,9.0,6,235
8.9,0.263,62.0,0.9971,3.0,1.09,9.3,5,240
12.0,0.093,24.0,0.99925,3.14,0.71,10.9,6,241
7.7,0.102,109.0,0.99565,3.08,0.49,9.8,6,242
15.0,0.075,24.0,1.00005,3.07,0.84,9.2,7,243
15.0,0.075,24.0,1.00005,3.07,0.84,9.2,7,244
7.3,0.084,23.0,0.9983,3.61,0.96,9.9,6,245
7.1,0.075,51.0,0.99685,3.38,0.52,9.5,5,246
7.3,0.084,23.0,0.9983,3.61,0.96,9.9,6,249
10.8,0.063,37.0,0.9985,3.22,0.78,10.0,6,250
7.1,0.07400000000000001,34.0,0.9972,3.47,0.7,9.9,6,251
11.1,0.09,21.0,0.9986,3.17,0.53,10.5,5,252
7.7,0.092,86.0,0.9959,3.23,0.59,9.5,5,253
8.0,0.073,119.0,0.99675,3.26,0.57,9.3,5,255
9.4,0.075,13.0,0.998,3.22,0.62,9.2,5,256
6.6,0.075,56.0,0.9968,3.49,0.67,9.2,5,257
7.7,0.611,45.0,0.9968,3.06,1.26,9.4,5,258
10.0,0.085,33.0,0.99965,3.36,0.8,10.5,7,259
7.9,0.077,45.0,0.99625,3.29,0.65,9.3,5,260
7.0,0.087,67.0,0.99565,3.35,0.6,9.4,4,261
8.0,0.07,35.0,0.99575,3.34,0.57,10.0,5,262
7.9,0.077,49.0,0.9963,3.28,0.67,9.3,5,263
12.5,0.064,27.0,0.9999,3.08,0.87,10.9,5,264
8.1,0.096,61.0,1.00025,3.6,0.72,9.8,4,266
7.9,0.078,37.0,0.9973,3.35,0.86,12.8,8,267
6.9,0.077,27.0,0.9987,3.69,0.91,9.4,6,268
11.5,0.104,23.0,0.9996,3.28,0.97,10.1,6,269
7.9,0.087,61.0,0.9965,3.36,0.67,10.7,6,270
7.9,0.087,61.0,0.9965,3.36,0.67,10.7,6,275
6.9,0.077,27.0,0.9987,3.69,0.91,9.4,6,276
11.5,0.104,23.0,0.9996,3.28,0.97,10.1,6,277
10.3,0.073,13.0,0.9976,3.23,0.82,12.6,8,278
8.9,0.087,47.0,0.9991,3.38,0.77,10.5,7,279
11.4,0.071,19.0,0.9986,3.12,0.82,9.3,6,280
7.7,0.358,10.0,0.9972,3.25,1.08,9.9,7,281
8.9,0.087,47.0,0.9991,3.38,0.77,10.5,7,283
9.9,0.102,71.0,1.00015,3.31,0.71,9.8,5,284
9.9,0.102,71.0,1.00015,3.31,0.71,9.8,5,285
12.0,0.073,49.0,0.9997,3.1,0.76,10.3,6,286
7.5,0.092,53.0,0.9967,3.37,0.7,10.3,6,287
8.7,0.091,49.0,0.9976,3.34,0.86,10.6,7,288
11.6,0.105,98.0,1.001,3.2,0.95,9.2,5,289
8.7,0.091,49.0,0.9976,3.34,0.86,10.6,7,290
10.4,0.091,48.0,0.9994,3.22,0.64,10.3,6,292
6.9,0.098,16.0,0.9964,3.41,0.6,10.1,6,293
13.3,0.094,53.0,1.0014,3.05,0.81,9.5,6,294
10.8,0.073,27.0,1.0001,3.05,0.64,9.5,5,295
10.6,0.086,70.0,0.9981,3.16,0.52,9.9,5,296
7.1,0.083,29.0,0.99855,3.67,0.73,9.6,5,297
7.2,0.094,31.0,0.9993,3.67,0.8,9.7,5,298
7.5,0.086,44.0,0.9965,3.38,0.59,10.7,6,300
11.1,0.068,15.0,0.9973,3.22,0.64,10.1,6,301
8.3,0.092,28.0,0.9994,3.51,0.72,10.0,5,302
8.4,0.112,90.0,0.9973,3.2,0.52,9.2,5,304
7.6,0.08199999999999999,54.0,0.9966,3.36,0.52,9.4,5,306
10.3,0.213,14.0,0.9994,3.19,0.62,9.5,6,307
10.3,0.214,12.0,0.9994,3.19,0.63,9.5,6,308
7.9,0.07200000000000001,105.0,0.996,3.27,0.54,9.4,6,311
9.0,0.093,98.0,0.99815,3.32,0.63,9.5,6,312
8.6,0.076,135.0,0.9976,3.3,0.53,9.4,5,313
7.4,0.087,72.0,0.99645,3.39,0.68,11.0,5,314
9.8,0.083,59.0,0.9989,3.37,0.71,11.5,7,318
9.6,0.08199999999999999,74.0,0.99865,3.3,0.64,10.4,6,319
9.3,0.09,87.0,0.99975,3.24,0.62,9.7,5,321
10.0,0.071,50.0,1.0015,3.16,0.69,9.2,6,324
10.0,0.071,50.0,1.0015,3.16,0.69,9.2,6,325
11.6,0.121,14.0,0.9978,3.05,0.74,11.5,7,326
10.3,0.107,13.0,0.998,3.28,0.83,11.5,5,327
13.4,0.08199999999999999,21.0,1.0002,3.16,0.67,9.7,6,328
8.4,0.105,44.0,0.9958,3.13,0.52,11.0,5,333
7.9,0.078,38.0,0.9963,3.34,0.74,11.7,7,334
11.9,0.128,21.0,0.9992,3.17,0.84,12.2,7,335
8.9,0.052000000000000005,16.0,0.9948,3.35,0.7,12.5,6,336
7.8,0.08,58.0,0.9974,3.31,0.64,10.3,5,337
12.5,0.08199999999999999,29.0,0.9997,3.11,1.36,9.8,7,339
10.9,0.118,14.0,0.9982,3.3,0.75,9.8,6,342
10.9,0.118,14.0,0.9982,3.3,0.75,9.8,6,343
11.9,0.08199999999999999,32.0,1.0006,3.12,0.78,10.7,6,344
13.8,0.093,15.0,0.9986,3.02,0.93,12.0,6,347
9.6,0.08900000000000001,46.0,0.9979,3.11,0.92,10.0,6,348
9.1,0.096,26.0,0.9994,3.35,0.83,9.4,6,351
7.7,0.09,19.0,0.9974,3.27,0.73,9.3,5,352
13.5,0.12,77.0,1.0018,3.18,0.77,13.0,5,353
6.1,0.066,165.0,0.9912,3.25,0.59,11.9,6,354
6.7,0.078,32.0,0.9955,3.55,0.61,12.8,6,355
11.5,0.08,55.0,1.0001,3.26,0.88,11.0,5,356
10.5,0.116,29.0,0.997,3.24,0.75,11.7,7,357
11.9,0.109,23.0,1.0,3.15,0.85,10.4,7,358
12.6,0.08800000000000001,41.0,1.001,3.17,0.68,9.8,6,359
8.2,0.099,81.0,0.9973,3.19,0.7,9.4,5,360
8.6,0.086,50.0,0.9982,3.37,0.91,9.9,6,361
11.9,0.07200000000000001,37.0,0.9992,3.05,0.56,10.0,5,362
12.5,0.071,15.0,0.9988,2.99,0.87,10.2,5,363
12.8,0.083,42.0,1.0022,3.07,0.73,10.0,7,364
12.8,0.083,42.0,1.0022,3.07,0.73,10.0,7,366
10.4,0.076,24.0,1.0,3.16,0.69,9.0,5,367
9.4,0.07400000000000001,18.0,0.9962,3.2,1.13,12.0,7,369
7.9,0.056,25.0,0.9967,3.32,0.87,8.7,6,371
9.1,0.067,46.0,0.9967,3.32,1.04,10.6,6,372
11.5,0.078,47.0,1.0003,3.26,1.11,11.0,6,376
9.4,0.07400000000000001,18.0,0.9962,3.2,1.13,12.0,7,377
11.4,0.08800000000000001,24.0,0.9988,3.11,0.99,13.3,6,378
8.3,0.08,27.0,0.9974,3.21,0.8,9.4,6,380
7.7,0.087,54.0,0.998,3.42,0.74,9.2,5,384
7.8,0.08800000000000001,53.0,0.9981,3.43,0.74,9.2,6,388
5.6,0.045,88.0,0.9924,3.56,0.82,12.9,8,390
13.7,0.085,43.0,1.0014,3.06,0.8,10.0,6,391
9.5,0.08199999999999999,26.0,0.998,3.18,0.51,9.5,5,392
12.0,0.066,38.0,1.0004,3.22,0.6,13.0,7,395
6.6,0.122,124.0,0.9994,3.47,0.53,9.9,5,396
11.5,0.087,49.0,0.9988,3.18,0.65,11.0,6,397
8.7,0.064,42.0,0.9963,3.1,0.55,9.4,5,399
6.6,0.122,124.0,0.9994,3.47,0.53,9.9,5,400
12.2,0.085,64.0,1.0,3.1,0.61,10.5,6,402
11.4,0.085,41.0,0.9994,3.15,0.63,10.5,6,403
7.7,0.075,27.0,0.9974,3.26,0.61,9.1,5,404
9.8,0.063,28.0,0.9981,3.24,0.65,10.8,6,406
12.0,0.093,30.0,0.9996,3.18,0.63,10.8,7,407
12.5,0.07,49.0,0.9981,3.05,0.57,9.6,4,409
9.0,0.08,86.0,0.9987,3.38,0.62,9.5,6,410
7.1,0.1,77.0,0.9966,3.27,0.64,9.3,5,412
9.9,0.097,19.0,0.9986,3.27,0.82,11.7,7,413
8.8,0.087,122.0,0.9982,3.26,0.61,9.5,5,414
8.6,0.117,134.0,1.0014,3.32,1.07,9.3,5,415
10.6,0.111,20.0,0.997,3.26,0.66,11.7,6,416
7.0,0.091,124.0,0.9956,3.44,0.48,10.5,5,417
11.9,0.121,20.0,0.9996,3.24,0.76,10.4,6,418
6.8,0.066,52.0,0.9976,3.62,0.68,9.9,5,419
6.6,0.059,48.0,0.9952,3.52,0.56,12.3,7,421
7.7,0.047,60.0,0.9955,3.36,0.44,10.9,5,422
10.5,0.066,24.0,0.9978,3.15,0.9,11.0,7,423
6.6,0.059,48.0,0.9952,3.52,0.56,12.3,7,425
6.4,0.045,48.0,0.9949,3.49,0.49,11.4,6,426
9.5,0.077,32.0,0.9988,3.26,0.56,10.6,6,427
9.1,0.07,30.0,0.9978,3.24,0.6,9.3,5,428
12.8,0.08800000000000001,35.0,0.9997,3.1,0.6,10.4,6,429
10.5,0.066,24.0,0.9978,3.15,0.9,11.0,7,430
7.8,0.07400000000000001,66.0,0.9974,3.25,0.56,9.2,5,431
12.3,0.091,18.0,1.0004,3.16,0.49,9.5,5,433
10.4,0.076,54.0,0.9996,3.15,0.89,9.9,6,434
12.3,0.091,18.0,1.0004,3.16,0.49,9.5,5,435
8.0,0.06,62.0,0.9958,3.26,0.56,10.2,6,436
11.1,0.066,22.0,0.9986,3.17,0.66,11.2,6,437
7.0,0.062,50.0,0.9951,3.08,0.6,9.3,5,439
12.6,0.07200000000000001,29.0,0.9987,2.88,0.82,9.8,8,440
15.6,0.1,43.0,1.0032,2.95,0.68,11.2,7,442
5.3,0.054000000000000006,27.0,0.9934,3.57,0.84,12.5,7,444
12.5,0.081,72.0,0.9996,3.1,0.73,10.5,5,446
9.3,0.127,16.0,0.9968,3.22,0.72,11.2,5,447
8.6,0.1,27.0,0.9967,3.2,0.56,10.2,6,448
11.9,0.095,35.0,0.9994,3.1,0.61,10.8,6,449
11.9,0.095,35.0,0.9994,3.1,0.61,10.8,6,450
6.8,0.084,35.0,0.9968,3.44,0.63,10.0,6,452
10.4,0.084,22.0,0.9998,3.26,0.74,11.2,7,453
7.0,0.063,67.0,0.9952,3.5,0.63,11.1,5,454
11.3,0.086,19.0,0.9988,3.22,0.69,13.4,8,455
8.9,0.095,22.0,0.9986,3.37,0.58,10.3,5,456
9.2,0.097,65.0,0.9988,3.28,0.58,9.6,5,457
11.6,0.07400000000000001,47.0,1.0008,3.25,0.57,9.0,3,459
9.2,0.083,23.0,0.9976,3.35,0.61,11.3,6,460
8.3,0.087,19.0,0.9982,3.26,0.61,9.3,5,461
11.5,0.084,15.0,0.9987,2.98,0.7,9.2,6,464
10.3,0.069,51.0,0.9982,3.16,0.72,11.5,6,466
8.8,0.065,18.0,0.9947,3.32,0.79,14.0,6,467
11.4,0.09,21.0,1.0,3.17,0.62,9.2,6,468
8.7,0.07,48.0,0.9952,3.2,0.58,9.8,5,469
13.0,0.093,47.0,0.9996,3.05,0.61,10.6,5,470
9.6,0.081,52.0,0.997,3.2,0.71,11.4,6,471
12.5,0.083,68.0,0.9995,3.15,0.82,10.4,6,472
9.6,0.087,28.0,0.9988,3.14,0.6,10.2,5,475
9.3,0.091,16.0,0.998,3.28,0.7,9.7,5,476
10.4,0.075,20.0,0.9977,3.18,1.06,11.0,6,477
9.4,0.077,31.0,0.9984,3.19,0.7,10.1,6,479
10.6,0.069,23.0,1.0026,3.12,0.66,9.2,5,480
9.4,0.08,17.0,0.9964,3.15,0.92,11.7,8,481
10.6,0.152,18.0,0.9986,3.04,1.06,9.4,5,483
10.2,0.054000000000000006,17.0,0.9976,3.17,0.47,10.0,5,485
10.2,0.053,14.0,0.9982,3.17,0.42,10.0,6,487
9.3,0.073,26.0,0.9984,3.34,0.75,10.2,6,489
9.2,0.055,25.0,0.9952,3.34,0.79,13.3,7,491
8.9,0.052000000000000005,27.0,0.995,3.32,0.9,13.4,7,492
8.7,0.086,81.0,1.0002,3.48,0.74,11.6,6,493
6.5,0.051,91.0,0.9952,3.44,0.55,12.1,6,494
10.7,0.07,16.0,0.9972,3.15,0.65,11.0,8,495
7.8,0.081,38.0,0.9984,3.43,0.65,9.0,6,496
7.2,0.09,113.0,0.9966,3.32,0.79,11.1,5,497
10.7,0.07,16.0,0.9972,3.15,0.65,11.0,8,498
8.7,0.086,81.0,1.0002,3.48,0.74,11.6,6,499
7.8,0.081,38.0,0.9984,3.43,0.65,9.0,6,500
10.4,0.07400000000000001,76.0,0.999,3.17,0.85,12.0,7,501
10.4,0.07400000000000001,76.0,0.999,3.17,0.85,12.0,7,502
10.5,0.077,22.0,0.9976,3.21,1.05,10.8,7,504
10.2,0.07200000000000001,26.0,0.9968,3.16,0.78,12.5,7,505
10.4,0.075,21.0,0.9976,3.25,1.02,10.8,7,506
11.2,0.084,13.0,1.0,3.17,0.71,9.5,6,507
13.3,0.084,43.0,0.9986,3.04,0.68,11.4,7,509
10.0,0.09,62.0,0.9994,3.18,0.63,10.2,6,511
10.7,0.125,49.0,0.998,3.03,0.81,9.7,6,512
10.5,0.107,15.0,0.9973,3.09,0.66,11.8,7,513
10.5,0.107,15.0,0.9973,3.09,0.66,11.8,7,514
8.5,0.122,151.0,1.001,3.31,1.14,9.3,5,515
12.5,0.1,14.0,1.001,3.25,0.74,11.9,6,516
10.4,0.2,16.0,0.9994,3.16,0.63,8.4,3,517
9.8,0.08800000000000001,33.0,0.9982,3.42,0.9,10.0,6,520
9.3,0.085,142.0,0.9978,3.22,0.55,9.4,5,523
9.2,0.086,116.0,0.9976,3.23,0.64,9.5,5,524
7.0,0.097,85.0,0.9962,3.39,0.77,11.4,6,527
9.9,0.077,33.0,0.9974,3.09,0.57,9.4,5,529
9.1,0.078,28.0,0.999,3.41,0.87,10.3,6,530
11.9,0.098,42.0,1.0004,3.16,0.61,10.3,5,531
11.9,0.098,42.0,1.0004,3.16,0.61,10.3,5,532
10.3,0.07200000000000001,33.0,0.9956,3.22,0.66,12.8,6,533
10.0,0.102,32.0,1.0,3.28,0.56,10.0,6,534
9.1,0.078,28.0,0.999,3.41,0.87,10.3,6,535
9.9,0.077,33.0,0.9974,3.09,0.57,9.4,5,536
8.1,0.084,13.0,0.9972,3.37,0.77,10.7,6,537
12.9,0.066,35.0,1.0014,3.2,0.66,12.0,7,538
11.2,0.1,17.0,0.9996,3.22,0.62,11.2,5,539
9.2,0.101,47.0,0.9988,3.26,0.67,9.6,5,540
9.5,0.064,17.0,0.9988,3.21,0.73,11.0,6,541
9.3,0.07,20.0,0.9966,3.12,0.59,9.9,5,542
11.2,0.085,53.0,0.9993,3.06,0.72,11.0,6,543
14.3,0.075,15.0,1.0008,2.86,0.79,8.4,6,544
9.1,0.094,106.0,0.9982,3.08,0.59,9.1,5,545
7.5,0.078,28.0,0.9983,3.45,0.78,9.5,6,546
10.6,0.067,21.0,0.9987,3.26,0.86,10.7,6,547
12.4,0.079,69.0,0.9994,3.12,0.75,10.4,6,548
6.8,0.07400000000000001,25.0,0.9958,3.33,0.56,9.5,6,550
9.4,0.092,45.0,0.998,3.19,0.73,10.0,6,551
9.5,0.092,44.0,0.998,3.12,0.74,10.0,6,552
5.0,0.05,96.0,0.9934,3.74,0.62,11.5,5,553
15.5,0.095,23.0,1.00315,2.92,0.74,11.1,5,554
10.9,0.118,17.0,1.0002,3.07,0.56,11.7,6,556
15.6,0.095,23.0,1.00315,2.92,0.74,11.1,5,557
13.0,0.085,47.0,1.0021,3.3,0.68,12.7,6,559
12.7,0.075,19.0,0.9994,3.14,0.57,11.4,5,560
9.0,0.094,110.0,0.9982,3.08,0.61,9.2,5,562
7.6,0.092,60.0,0.9971,3.31,0.61,10.1,6,563
13.0,0.085,47.0,1.0021,3.3,0.68,12.7,6,564
12.7,0.075,19.0,0.9994,3.14,0.57,11.4,5,565
8.7,0.226,15.0,0.9991,3.32,0.6,9.0,6,567
9.8,0.25,20.0,0.999,3.31,0.79,10.7,6,568
6.2,0.095,42.0,0.9946,3.57,0.57,11.7,6,569
11.5,0.07,37.0,1.0003,3.32,0.91,11.0,6,570
10.2,0.075,28.0,0.9978,3.14,0.61,10.4,5,572
9.9,0.103,14.0,0.9978,3.34,0.52,10.0,4,576
8.8,0.083,111.0,0.9982,3.3,0.6,9.5,5,577
8.8,0.085,110.0,0.9982,3.29,0.6,9.8,5,578
10.6,0.063,40.0,0.9976,3.14,0.51,9.8,6,579
12.3,0.08900000000000001,14.0,1.0002,3.19,0.44,9.6,5,580
12.3,0.08900000000000001,14.0,1.0002,3.19,0.44,9.6,5,581
12.0,0.07400000000000001,21.0,0.9976,2.98,0.66,9.9,7,583
7.3,0.108,102.0,0.9967,3.26,0.59,9.3,5,587
5.0,0.06,50.0,0.9917,3.72,0.74,14.0,8,588
9.0,0.084,75.0,0.9987,3.35,0.57,9.7,5,590
6.6,0.07,149.0,0.9922,3.12,0.5,11.5,6,591
9.0,0.084,75.0,0.9987,3.35,0.57,9.7,5,592
9.9,0.094,43.0,1.0004,3.29,0.58,9.0,5,593
8.9,0.086,109.0,0.9998,3.27,0.57,9.3,5,595
12.4,0.059,24.0,0.9994,3.04,0.6,9.3,6,596
8.5,0.078,30.0,0.9967,3.2,0.48,9.8,6,598
7.7,0.081,14.0,0.9975,3.3,0.52,9.3,5,602
8.3,0.096,63.0,0.9984,3.17,0.62,9.1,6,604
8.8,0.092,52.0,0.9982,3.31,0.53,10.5,6,607
10.1,0.11,65.0,1.0026,3.32,0.64,10.4,6,608
6.3,0.075,39.0,0.9956,3.56,0.52,12.7,6,609
8.8,0.083,57.0,0.9983,3.39,0.54,9.2,5,610
13.2,0.081,16.0,1.0006,2.98,0.54,9.4,5,611
7.5,0.077,29.0,0.9965,3.32,0.6,10.0,6,612
9.6,0.079,71.0,0.9997,3.5,0.57,9.7,5,616
11.5,0.079,28.0,0.9982,3.03,0.93,9.8,6,617
11.3,0.08800000000000001,16.0,0.9988,3.09,0.8,9.3,5,619
8.3,0.076,112.0,0.9976,3.27,0.61,9.4,5,620
8.2,0.078,104.0,0.9976,3.28,0.62,9.4,5,621
10.0,0.08,32.0,0.9974,3.13,0.55,9.5,5,622
6.8,0.124,58.0,0.9997,3.46,0.72,10.2,5,625
8.8,0.098,15.0,0.9988,3.36,0.49,9.1,5,626
8.8,0.098,15.0,0.9988,3.36,0.49,9.1,5,627
8.7,0.097,31.0,0.9976,3.27,0.6,9.3,6,628
7.6,0.111,84.0,0.9964,3.21,0.61,9.3,5,629
8.7,0.097,31.0,0.9976,3.27,0.6,9.3,6,630
10.4,0.105,19.0,0.9988,3.25,0.63,9.5,5,631
7.6,0.087,43.0,0.9964,3.32,0.57,10.5,6,632
10.1,0.105,86.0,1.001,3.43,0.64,11.3,4,633
7.9,0.073,102.0,0.9964,3.27,0.58,9.5,5,634
8.7,0.065,33.0,0.9954,3.27,0.55,9.7,5,635
9.6,0.086,147.0,0.9979,3.24,0.53,9.4,5,636
9.5,0.084,145.0,0.9978,3.24,0.53,9.4,5,637
8.9,0.067,57.0,0.997,3.18,1.36,10.3,6,639
9.9,0.071,40.0,0.9991,3.39,0.62,9.4,5,640
9.9,0.071,40.0,0.9991,3.39,0.62,9.4,5,642
9.9,0.071,40.0,0.9991,3.39,0.62,9.4,5,644
8.3,0.07,14.0,0.9967,3.32,0.58,11.0,4,647
8.7,0.066,28.0,0.9964,3.33,0.67,11.2,7,648
6.7,0.068,148.0,0.9948,3.16,0.57,11.3,6,649
10.7,0.106,32.0,0.9986,2.89,0.5,9.6,5,650
15.9,0.096,71.0,0.9976,2.98,0.84,14.9,5,652
9.4,0.079,30.0,0.9976,3.12,0.54,12.0,6,653
8.6,0.07400000000000001,29.0,0.9979,3.08,0.46,9.5,5,654
9.7,0.087,53.0,1.0004,3.14,0.61,9.4,5,655
10.7,0.106,32.0,0.9986,2.89,0.5,9.6,5,656
12.0,0.073,42.0,0.998,2.92,0.68,10.5,7,657
7.2,0.07400000000000001,20.0,0.9973,3.32,0.81,9.6,6,658
7.2,0.07400000000000001,20.0,0.9973,3.32,0.81,9.6,6,660
7.5,0.08,42.0,0.9978,3.31,0.64,9.0,5,661
7.2,0.076,27.0,0.9972,3.36,0.7,9.6,6,662
9.4,0.084,48.0,0.9981,3.14,0.56,9.7,5,665
8.3,0.222,16.0,0.998,3.18,0.6,9.5,6,666
11.3,0.08199999999999999,15.0,0.9988,2.94,0.66,9.2,6,667
11.3,0.08199999999999999,15.0,0.9988,2.94,0.66,9.2,6,669
8.2,0.07400000000000001,13.0,0.9968,3.2,0.52,9.5,5,671
8.2,0.07400000000000001,13.0,0.9968,3.2,0.52,9.5,5,673
10.8,0.084,17.0,0.9984,3.08,0.67,9.3,6,676
8.6,0.084,31.0,0.9979,3.4,0.48,9.9,5,677
8.3,0.081,87.0,0.9983,3.48,0.53,10.0,5,678
10.8,0.06,49.0,0.9972,3.13,0.54,9.6,5,679
8.0,0.094,29.0,0.9962,3.21,0.49,10.2,6,681
8.5,0.078,58.0,0.998,3.33,0.54,9.8,5,682
8.1,0.059,15.0,0.997,3.37,0.56,11.3,5,683
9.8,0.078,152.0,0.998,3.25,0.48,9.4,5,684
8.1,0.059,15.0,0.997,3.37,0.56,11.3,5,685
7.7,0.039,9.0,0.9962,3.4,0.47,9.4,5,688
8.1,0.157,17.0,0.9976,3.3,1.05,9.4,5,689
9.2,0.087,93.0,0.9998,3.48,0.54,9.8,5,691
8.6,0.422,62.0,0.9979,3.03,1.17,9.0,5,692
9.0,0.084,122.0,0.9984,3.32,0.62,9.4,5,693
9.0,0.084,125.0,0.9984,3.31,0.61,9.4,5,694
5.1,0.034,44.0,0.9921,3.9,0.62,12.8,6,695
7.0,0.066,25.0,0.9972,3.47,0.67,9.5,6,697
9.4,0.087,72.0,1.0001,3.31,0.53,9.7,5,698
11.8,0.071,19.0,0.9986,3.11,0.62,10.8,6,699
10.6,0.076,88.0,0.9984,3.08,0.57,10.1,6,700
7.0,0.066,25.0,0.9972,3.47,0.67,9.5,6,701
7.0,0.067,23.0,0.997,3.47,0.67,9.4,6,702
7.5,0.073,84.0,0.9972,3.32,0.7,9.6,4,703
9.1,0.078,14.0,0.998,3.29,0.54,9.7,4,704
8.4,0.073,54.0,0.999,3.37,0.49,9.9,5,705
7.0,0.093,19.0,0.9956,3.4,0.47,10.0,5,706
7.4,0.077,37.0,0.9966,3.37,0.51,10.5,5,707
7.8,0.068,35.0,0.996,3.34,0.61,11.6,6,708
10.6,0.08,84.0,0.9985,3.06,0.57,10.1,5,710
8.9,0.093,112.0,0.9998,3.38,0.61,9.5,5,711
9.9,0.078,77.0,0.998,3.28,0.51,9.8,5,714
7.6,0.079,49.0,0.9968,3.21,0.57,10.0,5,717
8.4,0.08199999999999999,22.0,0.9976,3.22,0.44,9.6,5,718
7.1,0.086,45.0,0.9976,3.46,0.54,9.5,5,719
8.4,0.08199999999999999,22.0,0.9976,3.22,0.44,9.6,5,720
8.9,0.094,106.0,0.9982,3.1,0.53,9.2,5,721
7.1,0.053,127.0,0.9965,2.94,1.62,9.5,5,723
9.0,0.077,13.0,0.9976,3.29,0.55,10.4,5,725
8.1,0.084,49.0,0.9994,3.43,0.72,11.1,6,726
6.4,0.067,11.0,0.997,3.46,0.68,9.5,5,727
6.4,0.067,11.0,0.997,3.46,0.68,9.5,5,728
6.4,0.071,58.0,0.995,3.61,0.49,12.7,6,729
9.5,0.387,37.0,0.9982,3.17,0.67,9.6,5,730
8.9,0.08800000000000001,14.0,0.9994,3.44,0.52,11.5,5,731
7.3,0.092,19.0,0.9966,3.39,0.47,9.6,5,732
7.0,0.08199999999999999,72.0,0.998,3.55,0.6,9.5,5,733
7.7,0.075,39.0,0.9987,3.48,0.62,9.3,5,734
7.7,0.112,22.0,0.9963,3.26,0.5,9.5,5,736
8.2,0.093,58.0,1.0002,3.5,0.65,9.3,6,737
9.0,0.08800000000000001,38.0,0.999,3.35,0.6,9.3,5,739
8.3,0.075,16.0,0.9965,3.45,0.68,11.5,6,740
9.2,0.078,139.0,0.99788,3.21,0.57,9.5,5,741
11.1,0.095,101.0,1.0001,3.13,0.51,9.5,5,744
7.3,0.07,28.0,0.99768,3.52,0.73,9.5,6,745
8.2,0.08,57.0,0.9978,3.3,0.47,9.0,6,746
7.2,0.071,31.0,0.99761,3.52,0.72,9.6,6,748
7.3,0.07,28.0,0.99768,3.52,0.73,9.5,6,749
8.3,0.08900000000000001,40.0,0.99803,3.29,0.55,9.5,5,750
7.6,0.097,66.0,0.99785,3.39,0.61,9.4,5,752
8.3,0.08900000000000001,40.0,0.99803,3.29,0.55,9.5,5,753
7.8,0.415,32.0,0.99656,3.09,1.06,9.1,6,754
7.8,0.058,47.0,0.99525,3.51,0.43,10.7,6,755
6.3,0.057,33.0,0.99488,3.6,0.46,11.2,6,756
8.1,0.084,31.0,0.99656,3.25,0.5,9.8,5,757
8.1,0.084,31.0,0.99656,3.25,0.5,9.8,5,758
8.8,0.092,88.0,0.99823,3.19,0.52,9.2,5,759
9.0,0.075,104.0,0.99779,3.23,0.57,9.7,5,760
9.3,0.096,35.0,0.99738,3.25,0.42,9.6,5,761
8.8,0.069,19.0,0.99701,3.31,0.53,10.0,6,762
9.1,0.093,44.0,0.99888,3.31,0.55,9.5,6,764
9.2,0.091,48.0,0.99888,3.31,0.54,9.5,6,765
8.8,0.08900000000000001,74.0,0.99738,3.14,0.54,9.4,5,766
7.1,0.08199999999999999,94.0,0.99744,3.55,0.53,9.7,6,768
7.9,0.076,32.0,0.99668,3.39,0.54,9.6,5,769
7.1,0.08199999999999999,94.0,0.99744,3.55,0.53,9.7,6,770
9.4,0.08199999999999999,143.0,0.9978,3.28,0.55,9.4,5,771
9.5,0.08199999999999999,144.0,0.99782,3.27,0.55,9.4,5,772
7.9,0.157,44.0,0.9973,3.3,0.92,9.5,6,773
7.2,0.102,16.0,0.99586,3.43,0.46,10.0,5,775
6.9,0.241,18.0,0.9961,3.4,0.59,10.3,6,777
8.3,0.079,34.0,0.99788,3.36,0.61,10.5,5,778
7.1,0.076,92.0,0.99745,3.5,0.6,9.8,5,779
7.0,0.19,45.0,0.99676,3.31,0.6,9.4,6,780
6.5,0.114,37.0,0.99732,3.66,0.65,9.8,5,781
7.1,0.077,85.0,0.99746,3.55,0.59,9.8,5,784
9.9,0.083,61.0,0.9982,3.21,0.5,9.5,5,785
10.0,0.079,58.0,0.9991,3.18,0.56,10.1,6,787
10.0,0.079,58.0,0.9991,3.18,0.56,10.1,6,788
8.6,0.099,119.0,0.998,3.09,0.52,9.3,5,789
7.4,0.08199999999999999,82.0,0.99708,3.33,0.68,9.7,6,790
8.8,0.084,130.0,0.99818,3.23,0.54,9.6,5,791
7.1,0.081,87.0,0.99745,3.48,0.6,9.7,6,792
7.7,0.055,13.0,0.99639,3.38,0.56,10.8,5,793
10.1,0.065,26.0,0.99531,3.17,0.53,12.5,6,794
10.8,0.132,60.0,0.99786,2.99,1.18,10.2,5,795
8.7,0.126,64.0,0.99746,3.1,0.74,9.6,5,796
9.3,0.038,42.0,0.99526,3.24,0.81,10.8,7,797
9.4,0.08199999999999999,14.0,0.9987,3.29,0.52,10.7,6,799
8.6,0.068,17.0,0.99735,3.23,0.44,10.0,5,801
5.1,0.044,86.0,0.99264,3.56,0.94,12.9,7,802
7.7,0.114,46.0,0.9971,3.24,0.66,9.6,6,803
8.4,0.084,18.0,0.99682,3.26,0.57,9.9,6,804
8.4,0.041,10.0,0.99386,3.27,0.71,12.5,7,806
7.4,0.165,12.0,0.99702,3.26,0.86,9.2,5,808
7.6,0.07,15.0,0.99693,3.22,0.55,10.3,6,809
7.3,0.068,14.0,0.99562,3.3,0.47,10.5,5,810
12.9,0.07200000000000001,24.0,1.00012,3.09,0.68,10.9,6,811
6.9,0.102,7.0,0.99462,3.44,0.58,11.4,4,813
12.6,0.103,41.0,0.99939,3.21,0.76,11.3,6,814
9.1,0.097,59.0,0.99976,3.28,0.54,9.6,5,819
7.0,0.099,22.0,0.99606,3.34,0.6,9.7,5,820
4.9,0.048,42.0,0.99154,3.71,0.74,14.0,7,821
6.7,0.076,36.0,0.9973,3.61,0.64,9.8,5,823
7.1,0.068,16.0,0.99682,3.24,0.53,10.3,5,824
7.5,0.05,8.0,0.9951,3.4,0.64,11.0,7,826
7.1,0.076,37.0,0.99624,3.36,0.49,10.7,5,827
7.5,0.058,9.0,0.99632,3.38,0.55,10.9,4,830
5.9,0.071,24.0,0.99376,3.56,0.77,11.1,6,831
11.6,0.147,51.0,0.99836,3.38,0.86,9.9,4,833
6.7,0.012,100.0,0.99064,3.26,0.39,11.7,7,836
6.7,0.012,100.0,0.99064,3.26,0.39,11.7,7,837
10.1,0.075,28.0,0.99672,3.24,0.83,11.2,7,838
6.6,0.115,31.0,0.99629,3.45,0.63,10.3,5,841
10.6,0.119,68.0,0.99708,3.23,0.72,10.9,6,842
7.1,0.08800000000000001,92.0,0.9963,3.28,0.62,9.4,5,843
6.4,0.081,31.0,0.99689,3.59,0.66,9.8,5,846
7.4,0.078,39.0,0.9977,3.5,0.7,9.9,6,847
6.4,0.081,31.0,0.99689,3.59,0.66,9.8,5,848
9.3,0.085,22.0,0.99708,3.28,0.55,9.5,5,850
9.3,0.085,22.0,0.99708,3.28,0.55,9.5,5,851
9.3,0.08,55.0,0.99652,3.47,0.73,10.9,6,853
9.3,0.08,55.0,0.99652,3.47,0.73,10.9,6,854
9.3,0.08,55.0,0.99652,3.47,0.73,10.9,6,856
8.2,0.073,47.0,0.99594,3.4,0.78,11.3,7,857
11.7,0.054000000000000006,32.0,0.99686,3.15,0.67,10.6,7,858
7.2,0.077,85.0,0.99746,3.51,0.54,9.5,5,860
7.5,0.067,25.0,0.99628,3.24,0.44,10.4,5,862
7.2,0.078,84.0,0.99746,3.51,0.53,9.7,5,863
7.2,0.077,86.0,0.99748,3.51,0.54,9.7,5,865
6.9,0.086,46.0,0.99522,3.53,0.57,10.6,5,871
7.3,0.067,48.0,0.99576,3.43,0.54,10.0,4,872
8.8,0.109,16.0,0.99614,3.31,0.79,11.8,7,875
7.7,0.064,43.0,0.99371,3.41,0.57,11.8,6,877
7.6,0.068,35.0,0.99533,3.48,0.65,11.4,6,881
8.4,0.194,26.0,0.99536,3.22,0.78,12.0,6,882
8.8,0.094,69.0,0.99787,3.22,0.5,10.0,6,884
8.9,0.086,30.0,0.99824,3.34,0.64,10.5,5,885
9.0,0.083,28.0,0.99836,3.33,0.65,10.4,6,886
6.8,0.07200000000000001,64.0,0.99491,3.43,0.56,11.2,6,888
10.7,0.112,99.0,1.00289,3.22,0.68,9.3,5,889
7.2,0.078,86.0,0.99743,3.53,0.57,9.7,5,891
10.1,0.08199999999999999,18.0,0.99774,3.22,0.65,9.3,6,892
7.2,0.078,86.0,0.99743,3.53,0.57,9.7,5,893
7.2,0.08,88.0,0.99745,3.53,0.58,9.8,6,894
7.1,0.08,43.0,0.9955,3.42,0.58,10.7,6,895
8.3,0.078,43.0,0.99444,3.31,0.77,12.5,7,896
7.1,0.08,43.0,0.9955,3.42,0.58,10.7,6,897
8.3,0.078,43.0,0.99444,3.31,0.77,12.5,7,898
8.9,0.056,39.0,0.99562,3.4,0.69,11.8,5,900
7.4,0.08,33.0,0.99736,3.58,0.69,10.8,7,901
7.4,0.08,33.0,0.99736,3.58,0.69,10.8,7,902
6.8,0.06,18.0,0.9962,3.41,0.59,10.8,7,904
7.2,0.084,78.0,0.9964,3.39,0.71,11.0,5,906
6.1,0.079,9.0,0.9948,3.59,0.54,11.5,6,907
7.4,0.078,61.0,0.99528,3.43,0.59,10.8,6,908
9.3,0.132,11.0,0.99577,3.23,0.57,13.2,6,910
9.1,0.114,9.0,0.99901,3.18,0.6,10.9,6,911
10.0,0.065,8.0,0.99674,3.33,0.62,12.2,6,912
8.6,0.079,6.0,0.99512,3.27,0.67,11.9,6,915
5.3,0.161,62.0,0.99395,3.62,0.61,11.0,5,916
6.8,0.084,45.0,0.99824,3.38,0.64,10.1,6,917
8.4,0.081,79.0,0.9964,3.3,0.72,11.0,6,918
8.4,0.07200000000000001,46.0,0.99504,3.38,0.89,11.8,6,919
9.6,0.091,23.0,0.99786,3.24,0.56,10.5,5,920
8.4,0.07200000000000001,46.0,0.99504,3.38,0.89,11.8,6,922
8.6,0.055,28.0,0.99516,3.18,0.8,11.2,5,924
8.6,0.064,77.0,0.99604,3.47,0.87,11.0,7,925
9.4,0.061,73.0,0.99786,3.47,0.9,10.2,6,926
8.4,0.093,75.0,0.99736,3.2,0.59,9.2,4,927
8.6,0.055,28.0,0.99516,3.18,0.8,11.2,5,928
8.7,0.063,19.0,0.99468,3.3,0.73,12.0,7,929
7.4,0.07400000000000001,38.0,0.99748,3.48,0.65,9.8,5,931
7.6,0.078,66.0,0.9971,3.45,0.59,9.5,6,932
6.6,0.08,25.0,0.99746,3.69,0.73,10.5,5,934
8.8,0.06,72.0,0.99543,3.39,0.72,11.8,6,936
6.2,0.073,11.0,0.99425,3.61,0.54,11.4,5,939
9.9,0.08199999999999999,17.0,0.99484,3.19,0.52,12.5,7,941
10.1,0.092,52.0,0.99834,3.22,0.64,10.0,7,942
8.3,0.09,24.0,0.99498,3.27,0.64,12.1,7,944
10.2,0.092,24.0,0.99745,3.29,0.99,12.0,7,946
8.3,0.093,12.0,0.99408,3.26,0.62,12.4,7,947
8.9,0.075,21.0,0.99552,3.41,0.76,11.9,7,949
8.9,0.075,21.0,0.99552,3.41,0.76,11.9,7,950
8.3,0.093,12.0,0.99408,3.26,0.62,12.4,7,951
8.2,0.058,10.0,0.99536,3.31,0.68,11.2,7,952
10.2,0.052000000000000005,9.0,0.99458,3.2,0.69,12.1,7,953
8.5,0.09,23.0,0.99648,3.36,0.67,10.4,5,955
9.0,0.111,10.0,0.99568,3.31,0.62,11.3,6,956
6.4,0.12,36.0,0.99519,3.47,0.71,11.3,7,958
8.5,0.058,38.0,0.99518,3.16,0.85,11.1,6,960
7.1,0.078,18.0,0.99592,3.27,0.62,9.3,5,961
6.6,0.115,16.0,0.99654,3.38,0.69,9.5,5,962
8.5,0.058,38.0,0.99518,3.16,0.85,11.1,6,964
8.5,0.097,113.0,0.99733,3.13,0.48,9.2,5,967
9.0,0.068,46.0,0.9943,3.2,0.6,12.2,6,968
10.4,0.066,10.0,0.99724,3.33,0.87,10.9,6,971
8.8,0.073,13.0,0.99658,3.3,0.62,12.1,7,974
7.2,0.083,72.0,0.997,3.44,0.52,9.4,5,975
8.4,0.109,119.0,0.99801,3.15,0.5,9.1,5,977
7.0,0.061,29.0,0.99416,3.28,0.49,11.3,7,978
9.1,0.065,17.0,0.99774,3.32,0.71,10.5,6,980
9.5,0.079,28.0,0.99712,3.25,0.62,10.0,5,981
7.3,0.07,70.0,0.99418,3.34,0.82,12.9,6,982
9.1,0.065,17.0,0.99774,3.32,0.71,10.5,6,983
7.4,0.064,11.0,0.99562,3.45,0.58,11.3,6,985
7.1,0.08,70.0,0.99693,3.44,0.5,9.4,5,987
7.7,0.097,27.0,0.99596,3.16,0.49,9.4,5,988
9.7,0.073,21.0,0.99556,3.14,0.51,10.9,6,989
7.7,0.097,27.0,0.99596,3.16,0.49,9.4,5,990
7.1,0.08199999999999999,68.0,0.99694,3.45,0.48,9.4,5,991
7.1,0.08199999999999999,68.0,0.99694,3.45,0.48,9.4,5,993
7.7,0.079,41.0,0.99697,3.39,0.62,10.1,6,995
8.9,0.05,10.0,0.99554,3.12,0.48,9.1,6,998
6.4,0.055,12.0,0.99162,3.47,0.53,12.9,6,999
7.5,0.062,12.0,0.99495,3.44,0.72,11.5,7,1000
8.2,0.081,45.0,0.99603,3.25,0.54,10.3,5,1004
6.8,0.067,8.0,0.9928,3.36,0.55,12.8,7,1005
9.1,0.063,27.0,0.99516,3.26,0.84,11.7,7,1006
9.1,0.064,25.0,0.99516,3.26,0.84,11.7,7,1007
8.9,0.11,24.0,0.99549,3.23,0.7,12.0,7,1008
8.9,0.067,12.0,0.99354,3.25,0.55,12.3,7,1010
8.9,0.08800000000000001,19.0,0.9957,3.17,0.55,10.4,6,1011
7.7,0.102,32.0,0.99604,3.23,0.48,10.0,5,1012
7.5,0.092,31.0,0.99635,3.38,0.58,10.0,6,1013
8.0,0.12,7.0,0.99454,3.22,0.58,11.2,6,1014
8.9,0.068,28.0,0.99486,3.27,0.75,12.6,7,1016
8.0,0.049,109.0,0.99007,2.89,0.44,12.7,6,1018
7.0,0.078,23.0,0.99636,3.53,0.61,10.4,5,1019
11.3,0.123,8.0,0.99642,3.2,0.53,11.9,6,1020
11.3,0.123,8.0,0.99642,3.2,0.53,11.9,6,1021
7.0,0.062,9.0,0.99584,3.35,0.54,10.5,5,1022
8.2,0.098,9.0,0.99506,3.27,0.55,12.3,6,1023
7.7,0.08800000000000001,18.0,0.99568,3.32,0.56,10.5,7,1024
8.6,0.095,43.0,0.99822,3.33,0.6,10.4,6,1025
7.9,0.066,36.0,0.99364,3.41,0.56,12.6,6,1026
6.4,0.065,52.0,0.99378,3.49,0.52,11.6,5,1027
7.7,0.08800000000000001,18.0,0.99568,3.32,0.56,10.5,7,1029
8.1,0.095,14.0,0.99854,3.36,0.53,9.6,5,1032
8.9,0.077,48.0,0.99739,3.2,0.47,9.7,6,1034
10.1,0.085,17.0,0.99683,3.17,0.65,10.6,7,1035
7.6,0.08199999999999999,35.0,0.99356,3.22,0.59,12.5,7,1036
8.7,0.078,42.0,0.9953,3.24,0.77,12.6,7,1038
8.9,0.08800000000000001,39.0,0.99692,3.33,0.83,11.1,6,1039
6.9,0.079,26.0,0.99547,3.38,0.64,9.8,6,1041
6.4,0.046,53.0,0.99294,3.36,0.62,12.2,6,1044
6.9,0.07,38.0,0.99438,3.32,0.58,11.4,6,1045
7.6,0.076,45.0,0.99612,3.31,0.62,10.7,6,1046
7.1,0.08199999999999999,51.0,0.99634,3.49,0.64,10.4,5,1047
9.3,0.081,14.0,0.99702,3.27,0.78,10.9,6,1048
9.3,0.084,17.0,0.99704,3.27,0.77,10.8,6,1049
8.5,0.414,45.0,0.99702,3.03,1.34,9.2,5,1051
5.6,0.073,25.0,0.99258,3.56,0.55,12.9,5,1052
8.3,0.07,20.0,0.99426,3.38,0.77,12.7,7,1053
8.2,0.095,77.0,0.99747,3.13,0.62,9.1,6,1055
8.9,0.101,10.0,0.99586,3.21,0.59,12.1,7,1056
7.6,0.104,90.0,0.99784,3.15,0.57,9.1,5,1057
9.9,0.093,52.0,0.9971,3.19,0.76,11.6,7,1058
8.9,0.101,10.0,0.99586,3.21,0.59,12.1,7,1059
11.6,0.07400000000000001,8.0,0.9981,3.14,0.7,9.9,6,1060
9.1,0.071,16.0,0.99462,3.21,0.69,12.5,8,1061
8.0,0.098,15.0,0.9956,3.3,0.64,11.4,6,1062
10.2,0.075,17.0,0.99565,3.22,0.63,11.8,6,1063
8.2,0.067,10.0,0.99418,3.28,0.57,11.8,6,1064
7.7,0.083,20.0,0.9963,3.29,0.6,10.2,6,1065
6.6,0.07,26.0,0.99358,3.4,0.72,12.5,7,1066
11.1,0.06,10.0,0.99572,3.02,0.83,10.9,7,1067
8.0,0.086,52.0,0.997,3.31,0.62,10.8,5,1069
9.3,0.057,37.0,0.99498,3.18,0.89,11.1,7,1070
7.5,0.098,92.0,0.99892,3.2,0.58,9.2,5,1071
8.0,0.08800000000000001,37.0,0.9972,3.31,0.58,10.7,6,1073
9.9,0.073,8.0,0.99534,3.15,0.73,11.4,6,1076
8.6,0.08,8.0,0.99817,3.27,0.58,11.0,5,1078
7.9,0.05,278.0,0.99316,3.01,0.51,12.3,7,1079
7.9,0.05,289.0,0.99316,3.01,0.51,12.3,7,1081
7.2,0.073,70.0,0.99685,3.42,0.59,9.5,6,1082
8.7,0.07200000000000001,59.0,0.99617,3.33,0.77,12.0,6,1083
6.8,0.07400000000000001,64.0,0.99529,3.12,0.49,9.6,5,1085
8.5,0.055,9.0,0.99738,3.38,0.66,11.6,7,1086
7.9,0.057,30.0,0.994,3.29,0.69,11.2,6,1087
11.6,0.095,41.0,0.99735,3.02,0.76,9.9,7,1088
11.6,0.095,41.0,0.99735,3.02,0.76,9.9,7,1089
10.0,0.083,74.0,0.99451,2.98,0.63,11.8,8,1090
7.9,0.086,19.0,0.99546,3.35,0.6,11.4,6,1091
7.0,0.081,16.0,0.99479,3.43,0.59,11.5,6,1092
9.2,0.079,31.0,0.99615,3.33,0.86,12.0,7,1093
6.6,0.117,17.0,0.99655,3.35,0.49,10.8,6,1094
6.6,0.117,17.0,0.99655,3.35,0.49,10.8,6,1096
8.6,0.096,18.0,0.99666,3.2,0.52,9.4,5,1099
8.4,0.07200000000000001,36.0,0.99392,3.11,0.78,12.4,6,1100
7.4,0.071,25.0,0.99388,3.35,0.63,12.0,6,1101
7.4,0.071,25.0,0.99388,3.35,0.63,12.0,6,1103
8.0,0.073,25.0,0.9936,3.28,0.66,12.4,6,1104
6.3,0.048,49.0,0.99374,3.41,0.6,12.8,5,1105
9.1,0.068,24.0,0.99523,3.27,0.85,11.7,7,1107
8.1,0.09,13.0,0.99855,3.36,0.49,9.5,5,1108
10.8,0.171,66.0,0.9982,3.17,0.76,10.8,6,1109
8.3,0.07,14.0,0.99593,3.25,0.64,10.0,6,1110
5.4,0.092,55.0,0.99471,3.78,0.64,12.3,7,1111
7.9,0.056,35.0,0.99396,3.29,0.71,11.0,6,1112
5.0,0.046,80.0,0.9902,3.49,0.66,13.6,6,1114
7.0,0.091,21.0,0.99572,3.38,0.6,11.3,6,1115
7.0,0.091,21.0,0.99572,3.38,0.6,11.3,6,1116
7.0,0.091,21.0,0.99572,3.38,0.6,11.3,6,1117
7.1,0.065,24.0,0.99252,3.3,0.53,13.3,6,1118
5.6,0.066,15.0,0.99256,3.52,0.58,12.9,5,1119
7.9,0.076,17.0,0.99235,3.2,0.72,13.1,8,1120
6.3,0.055,33.0,0.9922,3.45,0.48,12.3,6,1122
8.8,0.055,27.0,0.99394,3.14,0.59,11.3,7,1125
6.3,0.07200000000000001,52.0,0.99379,3.51,0.6,11.5,6,1127
10.0,0.095,89.0,0.9984,3.22,0.68,10.0,5,1128
9.1,0.058,10.0,0.9977,3.18,0.63,10.4,6,1130
7.4,0.075,38.0,0.9933,3.38,0.88,13.6,7,1132
7.2,0.08900000000000001,18.0,0.99684,3.37,0.68,11.2,7,1133
8.5,0.061,15.0,0.99524,3.3,0.74,11.8,7,1134
8.0,0.067,50.0,0.9946,3.38,0.6,11.9,6,1135
10.4,0.08,13.0,0.99774,3.22,0.76,11.4,6,1136
7.5,0.104,94.0,0.99786,3.14,0.58,9.1,5,1138
8.2,0.079,86.0,0.99764,3.34,0.64,9.5,6,1139
7.3,0.08,79.0,0.9969,3.41,0.65,9.5,6,1140
8.2,0.08,71.0,0.99624,3.27,0.85,11.0,6,1141
6.9,0.043,12.0,0.99354,3.3,0.65,11.4,6,1142
7.0,0.065,20.0,0.99672,3.61,0.82,10.0,6,1143
7.3,0.066,70.0,0.99588,3.43,0.62,10.1,5,1144
8.2,0.076,51.0,0.99672,3.53,0.81,10.4,6,1145
7.8,0.17800000000000002,21.0,0.996,3.28,0.87,9.8,6,1146
10.0,0.071,14.0,0.99702,3.21,0.49,11.8,7,1147
7.8,0.086,21.0,0.99526,3.39,0.66,11.6,6,1148
10.0,0.061,11.0,0.99585,3.23,0.52,12.0,6,1149
6.1,0.044,70.0,0.99352,3.46,0.65,12.5,6,1151
8.3,0.118,38.0,0.99616,3.15,0.53,9.8,5,1152
9.6,0.083,38.0,0.99622,3.23,0.66,11.1,6,1153
8.3,0.118,38.0,0.99616,3.15,0.53,9.8,5,1155
8.5,0.071,88.0,0.99524,3.33,0.76,11.8,7,1156
5.1,0.042,101.0,0.9924,3.46,0.87,12.9,7,1157
8.5,0.075,19.0,0.99434,3.14,0.71,11.8,7,1162
9.0,0.078,21.0,0.99692,3.29,0.67,10.0,5,1164
8.2,0.07400000000000001,48.0,0.99528,3.32,0.88,12.4,7,1167
6.5,0.067,44.0,0.99384,3.21,0.56,12.0,6,1168
7.6,0.086,14.0,0.99502,3.32,0.62,11.5,6,1169
9.2,0.062,12.0,0.99667,3.2,0.67,10.5,6,1170
9.7,0.07400000000000001,16.0,0.99649,3.27,0.74,12.3,6,1172
7.6,0.079,65.0,0.99716,3.46,0.62,9.5,6,1173
7.6,0.079,65.0,0.99716,3.46,0.62,9.5,6,1174
6.5,0.095,59.0,0.99541,3.61,0.7,11.5,6,1175
6.5,0.079,47.0,0.99572,3.58,0.5,11.2,4,1176
5.6,0.041,78.0,0.99346,3.68,0.73,11.4,5,1178
8.2,0.076,47.0,0.99599,3.27,0.81,11.0,6,1179
9.8,0.068,11.0,0.99478,3.19,0.46,11.4,5,1181
6.8,0.07,61.0,0.99572,3.29,0.6,9.3,5,1183
6.7,0.08,119.0,0.99538,3.36,0.7,10.9,5,1184
6.7,0.08,119.0,0.99538,3.36,0.7,10.9,5,1188
8.8,0.075,19.0,0.99616,3.3,0.44,9.6,4,1189
9.1,0.08,20.0,0.99652,3.28,0.57,12.5,6,1190
6.5,0.166,12.0,0.99551,3.56,0.51,10.8,5,1191
7.2,0.063,41.0,0.99439,3.52,0.8,12.4,7,1192
7.0,0.114,64.0,0.99588,3.22,0.59,9.5,6,1194
6.2,0.078,56.0,0.99633,3.52,0.6,9.5,6,1195
7.7,0.069,9.0,0.99458,3.16,0.54,9.8,6,1197
7.7,0.052000000000000005,77.0,0.9951,3.15,0.79,10.9,6,1198
7.9,0.076,94.0,0.99686,3.21,0.58,9.5,6,1199
7.7,0.069,9.0,0.99458,3.16,0.54,9.8,6,1200
7.9,0.065,10.0,0.99419,3.27,0.54,11.2,7,1201
8.6,0.068,12.0,0.99516,3.35,0.69,11.7,8,1202
9.9,0.111,76.0,0.99878,3.14,0.55,9.4,5,1203
7.2,0.07400000000000001,44.0,0.99534,3.4,0.85,11.0,7,1204
7.2,0.07400000000000001,44.0,0.99534,3.4,0.85,11.0,7,1206
9.9,0.136,52.0,0.99752,3.35,0.94,10.0,5,1207
7.2,0.07400000000000001,44.0,0.99534,3.4,0.85,11.0,7,1208
6.2,0.071,24.0,0.99428,3.45,0.87,11.2,7,1209
6.8,0.078,15.0,0.99498,3.35,0.62,10.4,6,1210
6.8,0.078,15.0,0.99498,3.35,0.62,10.4,6,1212
10.2,0.081,9.0,0.99628,3.1,0.48,10.4,6,1214
7.9,0.079,79.0,0.99677,3.29,0.69,9.5,6,1216
9.0,0.044,50.0,0.99478,3.2,0.83,10.9,6,1219
10.9,0.132,44.0,0.99734,3.28,0.77,11.5,6,1220
10.9,0.132,44.0,0.99734,3.28,0.77,11.5,6,1221
12.6,0.08,20.0,0.9992,3.07,0.82,10.3,6,1224
9.2,0.091,77.0,0.99922,3.15,0.51,9.4,5,1225
7.5,0.08,46.0,0.99592,3.02,0.47,9.2,5,1226
9.0,0.104,21.0,0.99769,3.27,0.72,9.6,5,1227
5.1,0.044,88.0,0.99157,3.68,0.73,13.6,7,1228
7.6,0.075,66.0,0.99718,3.4,0.64,9.5,5,1229
7.7,0.066,58.0,0.9947,3.37,0.78,11.8,6,1230
7.8,0.07400000000000001,90.0,0.99621,3.38,0.62,10.8,5,1231
7.6,0.075,66.0,0.99718,3.4,0.64,9.5,5,1232
7.1,0.059,18.0,0.99242,3.39,0.4,12.8,6,1234
7.8,0.07,17.0,0.99659,3.26,0.64,9.4,6,1236
7.1,0.059,18.0,0.99242,3.39,0.4,12.8,6,1237
8.1,0.081,24.0,0.99798,3.38,0.46,9.6,4,1238
6.5,0.057,20.0,0.99488,3.45,0.56,11.8,4,1239
7.5,0.076,60.0,0.99494,3.1,0.4,9.3,5,1240
8.3,0.08199999999999999,86.0,0.9983,3.37,0.62,9.5,5,1243
7.4,0.08199999999999999,34.0,0.99655,3.49,0.68,10.5,5,1245
7.4,0.086,48.0,0.99502,3.12,0.48,10.0,5,1246
7.1,0.079,37.0,0.99514,3.4,0.61,10.9,6,1250
7.5,0.077,60.0,0.9963,3.28,0.59,9.8,5,1251
7.1,0.123,14.0,0.99627,3.45,0.58,9.8,5,1252
7.9,0.096,13.0,0.99569,3.43,0.58,9.5,5,1253
7.8,0.079,35.0,0.99628,3.4,0.69,10.9,5,1254
7.5,0.08199999999999999,60.0,0.99499,3.1,0.42,9.2,5,1256
7.0,0.085,69.0,0.99633,3.32,0.7,11.0,6,1257
6.8,0.123,33.0,0.99538,3.44,0.63,11.3,6,1258
8.6,0.403,56.0,0.99632,3.02,1.15,9.3,5,1260
6.3,0.083,24.0,0.99437,3.59,0.55,11.2,4,1261
9.8,0.081,66.0,0.99726,3.15,0.58,9.8,5,1262
8.5,0.066,51.0,0.99456,3.38,0.72,11.8,6,1264
7.2,0.081,36.0,0.99564,3.38,0.6,10.3,6,1265
7.2,0.081,36.0,0.99564,3.38,0.6,10.3,6,1266
10.4,0.068,19.0,0.996,3.1,0.87,11.4,6,1267
6.9,0.079,51.0,0.99668,3.47,0.55,9.5,6,1268
5.0,0.048,60.0,0.99084,3.7,0.75,14.0,6,1270
7.3,0.049,64.0,0.9935,3.38,0.57,11.7,6,1271
5.9,0.077,44.0,0.99385,3.5,0.53,11.2,5,1272
7.5,0.073,44.0,0.99494,3.1,0.43,9.3,5,1273
7.8,0.102,36.0,0.9944,3.24,0.53,11.2,6,1274
8.0,0.075,81.0,0.99688,3.24,0.54,9.5,6,1275
8.5,0.05,10.0,0.99566,3.28,0.56,12.0,4,1276
7.0,0.114,10.0,0.99636,3.35,0.6,9.7,6,1277
8.0,0.075,81.0,0.99688,3.24,0.54,9.5,6,1278
9.8,0.062,9.0,0.9948,3.14,0.57,11.5,7,1279
7.1,0.077,54.0,0.9956,3.37,0.64,10.4,6,1280
7.1,0.077,54.0,0.9956,3.37,0.64,10.4,6,1281
7.9,0.084,22.0,0.99619,3.33,0.68,10.9,6,1282
8.7,0.096,69.0,0.99734,3.26,0.63,10.2,6,1283
7.0,0.071,36.0,0.99476,3.39,0.56,10.9,5,1284
11.3,0.09,47.0,0.99734,3.15,0.57,10.5,5,1285
7.0,0.068,110.0,0.99914,3.3,1.17,10.2,5,1288
7.0,0.068,110.0,0.99914,3.3,1.17,10.2,5,1289
7.6,0.1,12.0,0.99521,3.36,0.59,11.0,5,1290
8.2,0.073,60.0,0.99638,3.29,0.75,10.9,6,1291
5.9,0.056,28.0,0.99362,3.62,0.67,12.4,6,1292
6.6,0.093,77.5,0.99558,3.2,0.45,9.5,5,1296
7.2,0.064,29.0,0.99323,3.35,0.61,12.1,6,1297
5.7,0.063,18.0,0.99191,3.45,0.56,12.2,6,1298
7.6,0.13699999999999998,9.0,0.99476,3.5,0.4,10.9,3,1299
5.2,0.08,28.0,0.99444,3.78,0.61,12.5,6,1300
6.7,0.1,57.0,0.99598,3.6,0.74,11.7,6,1301
9.1,0.064,15.0,0.99576,3.3,0.8,11.2,6,1302
7.6,0.087,68.0,0.9955,3.12,0.44,9.2,5,1304
7.5,0.073,88.0,0.99612,3.3,0.53,9.8,5,1305
9.7,0.08800000000000001,91.0,0.9979,3.29,0.62,10.1,5,1306
7.0,0.071,63.0,0.996,3.28,0.61,9.2,5,1309
6.5,0.064,27.0,0.9929,3.33,0.59,12.8,6,1311
8.0,0.083,41.0,0.99532,3.34,0.47,10.5,5,1312
7.5,0.083,91.0,0.99616,3.26,0.58,9.8,6,1315
5.4,0.041,46.0,0.99258,4.01,0.59,12.5,6,1316
9.1,0.414,64.0,0.99652,2.9,1.33,9.1,6,1319
5.0,0.041,46.0,0.99258,4.01,0.59,12.5,6,1321
9.1,0.058,18.0,0.99392,3.18,0.55,11.4,5,1322
6.7,0.077,34.0,0.9948,3.39,0.6,10.6,6,1324
6.7,0.077,34.0,0.9948,3.39,0.6,10.6,6,1325
6.7,0.077,34.0,0.9948,3.39,0.6,10.6,6,1326
6.7,0.077,34.0,0.9948,3.39,0.6,10.6,6,1327
6.5,0.073,38.0,0.9955,3.34,0.52,9.3,5,1328
7.4,0.083,91.0,0.99616,3.29,0.56,9.8,6,1329
7.4,0.083,91.0,0.99616,3.29,0.56,9.8,6,1330
7.8,0.107,67.0,0.99668,3.26,0.46,9.2,5,1331
8.4,0.075,25.0,0.99581,3.09,0.43,9.7,6,1332
9.1,0.079,48.0,0.9976,3.18,0.51,9.6,5,1333
7.2,0.166,11.0,0.99608,3.39,0.52,10.0,5,1334
6.6,0.069,40.0,0.99387,3.38,0.66,12.6,6,1335
6.0,0.057,26.0,0.99448,3.36,0.45,9.5,5,1336
6.0,0.057,26.0,0.99448,3.36,0.45,9.5,5,1337
6.0,0.057,26.0,0.99448,3.36,0.45,9.5,5,1338
7.5,0.084,31.0,0.99538,3.36,0.54,10.5,6,1339
7.5,0.084,31.0,0.99538,3.36,0.54,10.5,6,1340
7.5,0.084,31.0,0.99538,3.36,0.54,10.5,6,1341
7.5,0.084,31.0,0.99538,3.36,0.54,10.5,6,1343
11.5,0.077,20.0,0.99852,3.09,0.53,11.0,5,1344
8.2,0.063,28.0,0.99613,3.25,0.53,10.2,6,1345
6.1,0.056,13.0,0.99472,3.52,0.56,11.4,5,1346
7.2,0.078,12.0,0.99587,3.34,0.39,9.5,5,1347
7.2,0.065,46.0,0.99332,3.32,0.51,11.8,6,1351
7.6,0.086,57.0,0.9969,3.37,0.46,10.3,5,1353
6.1,0.086,32.0,0.99464,3.36,0.44,10.1,5,1355
6.1,0.084,28.0,0.99464,3.36,0.44,10.1,5,1356
7.3,0.078,67.0,0.99648,3.6,0.59,11.1,6,1357
7.4,0.168,98.0,0.99736,3.28,0.5,9.5,5,1358
11.6,0.091,28.0,0.99704,3.07,0.65,10.0333333333333,6,1359
8.3,0.093,54.0,0.99724,3.36,0.54,10.1,5,1361
11.6,0.091,28.0,0.99704,3.07,0.65,10.0333333333333,6,1362
7.2,0.096,31.0,0.995,3.46,0.53,11.8,6,1364
7.3,0.094,45.0,0.99576,3.24,0.5,9.8,5,1366
6.9,0.08800000000000001,105.0,0.99725,3.25,1.18,10.5,6,1367
8.0,0.079,74.0,0.99656,3.27,0.5,9.8,6,1368
8.7,0.415,66.0,0.99623,3.0,1.17,9.2,5,1370
7.5,0.153,14.0,0.99476,3.21,1.03,11.6,6,1371
8.7,0.415,66.0,0.99623,3.0,1.17,9.2,5,1372
8.2,0.086,31.0,0.9946,3.11,0.46,10.0,5,1376
7.2,0.078,28.0,0.99609,3.29,0.51,9.9,6,1378
7.5,0.077,35.0,0.99557,3.36,0.62,10.8,6,1379
7.5,0.077,35.0,0.99557,3.36,0.62,10.8,6,1380
8.0,0.08,105.0,0.99613,3.3,0.49,9.9,5,1382
8.0,0.08,105.0,0.99613,3.3,0.49,9.9,5,1383
7.1,0.107,84.0,0.99593,3.19,0.5,9.5,5,1384
8.0,0.076,85.0,0.99668,3.19,0.42,9.2,5,1385
7.4,0.1,23.0,0.9961,3.3,0.58,9.6,5,1386
6.6,0.083,49.0,0.99718,3.35,0.68,10.3,5,1388
6.0,0.068,33.0,0.99292,3.58,0.59,12.5,6,1390
8.0,0.094,33.0,0.99612,3.37,0.58,11.0,5,1391
7.1,0.07,12.0,0.9942,3.17,0.48,9.8,5,1392
8.0,0.078,59.0,0.99612,3.3,0.48,10.2,5,1393
8.6,0.092,12.0,0.99745,3.31,0.65,9.55,6,1395
8.7,0.09,11.0,0.99745,3.31,0.65,9.55,5,1396
7.3,0.08,104.0,0.99584,3.28,0.52,9.9,5,1397
7.2,0.068,24.0,0.9956,3.42,0.72,11.1,6,1399
7.9,0.08,141.0,0.9962,3.25,0.51,9.9,5,1400
7.6,0.052000000000000005,24.0,0.9963,3.44,0.82,11.9,6,1402
7.2,0.061,13.0,0.996,3.23,1.1,10.0,8,1403
8.0,0.08199999999999999,46.0,0.9985,3.43,0.62,10.7,6,1404
8.2,0.062,22.0,0.9974,3.22,0.94,10.9,6,1406
6.0,0.064,54.0,0.995,3.54,0.93,10.7,6,1407
8.1,0.048,53.0,0.995,3.27,1.01,12.4,7,1408
6.0,0.064,54.0,0.995,3.54,0.93,10.7,6,1409
6.6,0.08199999999999999,16.0,0.9936,3.5,0.44,11.9,6,1410
6.4,0.071,19.0,0.9963,3.56,0.73,10.6,6,1411
8.2,0.062,22.0,0.9974,3.22,0.94,10.9,6,1412
9.9,0.104,89.0,0.9963,3.04,0.9,10.1,5,1413
10.0,0.077,15.0,0.9994,3.2,0.78,9.6,5,1414
6.2,0.065,18.0,0.9966,3.56,0.84,9.4,5,1415
10.0,0.077,15.0,0.9994,3.2,0.78,9.6,5,1416
7.3,0.064,37.0,0.9952,3.35,0.77,12.1,7,1417
7.8,0.077,19.0,0.995,3.16,0.46,9.8,5,1418
7.7,0.077,133.0,0.9956,3.27,0.45,9.9,5,1419
7.8,0.077,19.0,0.995,3.16,0.46,9.8,5,1420
7.5,0.079,58.0,0.9965,3.34,0.58,9.4,5,1421
7.0,0.079,55.0,0.9956,3.39,0.84,11.4,6,1422
6.4,0.123,31.0,0.9968,3.5,0.67,11.0,4,1423
7.6,0.078,23.0,0.9957,3.3,0.58,11.2,5,1427
7.8,0.07200000000000001,55.0,0.9962,3.31,0.63,11.0,5,1428
7.9,0.049,67.0,0.996,3.33,0.93,11.3,5,1429
7.4,0.066,47.0,0.9956,3.37,0.62,10.4,5,1430
7.6,0.069,74.0,0.9958,3.26,0.54,9.9,6,1431
6.1,0.069,25.0,0.9955,3.42,0.74,10.1,7,1433
10.2,0.214,95.0,1.00369,3.18,0.77,9.0,6,1434
10.0,0.16899999999999998,90.0,0.99914,3.15,0.65,8.5,5,1436
6.8,0.07,39.0,0.99577,3.53,0.54,11.1,5,1437
7.0,0.052000000000000005,8.0,0.996,3.41,0.47,10.3,5,1438
7.3,0.07200000000000001,92.0,0.99566,3.32,0.68,11.066666666666698,6,1439
6.9,0.058,22.0,0.99322,3.38,0.49,11.7,5,1443
7.4,0.094,98.0,0.99713,3.16,0.52,9.6,6,1445
6.8,0.08,39.0,0.99701,3.4,0.74,9.7,5,1447
7.2,0.056,29.0,0.99472,3.23,0.76,11.3,8,1449
7.2,0.062,28.0,0.9947,3.23,0.73,11.3,7,1450
7.8,0.104,17.0,0.99732,3.33,0.78,11.0,7,1451
6.6,0.062,53.0,0.99374,3.35,0.76,11.6,7,1452
11.7,0.073,23.0,0.99974,3.21,0.69,10.9,6,1454
6.5,0.052000000000000005,17.0,0.99467,3.5,0.63,10.9,6,1455
7.6,0.07400000000000001,85.0,0.99706,3.41,0.58,9.0,5,1457
8.4,0.067,20.0,0.99603,3.39,0.6,10.5,5,1458
7.9,0.054000000000000006,15.0,0.99458,3.32,0.8,11.9,7,1459
6.4,0.054000000000000006,64.0,0.99724,3.41,0.68,10.4,6,1460
6.2,0.06,13.0,0.99664,3.59,0.61,10.0,4,1461
6.9,0.076,39.0,0.99522,3.34,0.53,10.8,6,1463
6.8,0.063,53.0,0.9958,3.41,0.67,9.7,5,1464
7.3,0.062,54.0,0.99728,3.3,0.65,10.0,7,1466
6.7,0.067,32.0,0.99648,3.52,0.57,11.0,4,1467
7.3,0.062,54.0,0.99728,3.3,0.65,10.0,7,1468
7.3,0.061,49.0,0.99705,3.31,0.55,9.7,3,1469
10.0,0.084,24.0,0.99578,2.88,0.47,9.7,5,1470
6.7,0.067,16.0,0.99334,3.43,0.52,12.6,5,1471
7.6,0.073,44.0,0.99656,3.38,0.79,11.1,6,1472
6.1,0.071,45.0,0.99336,3.38,0.54,11.0,5,1473
9.9,0.205,82.0,1.00242,3.16,0.75,8.8,5,1474
5.3,0.048,89.0,0.99182,3.54,0.88,13.566666666666698,7,1475
9.9,0.205,82.0,1.00242,3.16,0.75,8.8,5,1476
5.3,0.048,89.0,0.99182,3.54,0.88,13.6,7,1477
8.2,0.104,22.0,0.99828,3.39,0.68,10.6,5,1479
8.2,0.104,22.0,0.99828,3.39,0.68,10.6,5,1481
8.1,0.042,12.0,0.99542,3.35,0.61,10.7,5,1483
7.0,0.07400000000000001,25.0,0.99606,3.37,0.55,9.7,5,1485
6.8,0.07,23.0,0.99546,3.38,0.6,10.3,5,1486
6.0,0.066,17.0,0.99496,3.52,0.78,10.6,5,1487
5.6,0.049,13.0,0.9942,3.72,0.58,11.4,5,1488
7.1,0.039,18.0,0.99344,3.39,0.56,12.4,6,1490
6.2,0.05,18.0,0.99348,3.57,0.54,11.95,5,1492
7.7,0.08900000000000001,147.0,0.99636,3.26,0.59,9.7,5,1493
6.4,0.066,28.0,0.99459,3.42,0.7,10.0,7,1494
7.0,0.08,28.0,0.99492,3.35,0.81,10.6,6,1495
6.9,0.054000000000000006,16.0,0.99508,3.45,0.63,11.5,6,1497
6.9,0.054000000000000006,16.0,0.99508,3.45,0.63,11.5,6,1499
7.8,0.083,64.0,0.99642,3.16,0.53,9.4,5,1501
6.2,0.077,14.0,0.99555,3.51,0.69,11.0,6,1503
7.5,0.106,12.0,0.99605,3.36,0.55,11.4,6,1504
6.7,0.078,12.0,0.996,3.55,0.63,9.95,3,1505
6.8,0.07,14.0,0.99562,3.51,0.66,10.8,6,1506
7.5,0.106,12.0,0.99605,3.36,0.55,11.4,6,1507
7.1,0.07400000000000001,25.0,0.99814,3.38,0.72,10.6,6,1508
7.9,0.062,20.0,0.9941,3.28,0.7,11.1,5,1509
6.4,0.047,48.0,0.99661,3.47,0.77,9.7,6,1510
7.1,0.068,27.0,0.99712,3.44,0.67,9.8,5,1511
6.9,0.07400000000000001,65.0,0.99842,3.53,0.72,9.23333333333333,6,1514
6.9,0.07400000000000001,65.0,0.99842,3.53,0.72,9.25,6,1515
6.5,0.063,44.0,0.99489,3.38,0.83,10.3,6,1517
7.4,0.114,20.0,0.99647,3.32,0.63,10.5,5,1518
6.6,0.106,27.0,0.99665,3.44,0.58,10.2,5,1519
6.1,0.071,58.0,0.99633,3.42,0.97,10.6,5,1522
6.8,0.076,61.0,0.9953,3.34,0.6,10.4,5,1523
6.7,0.064,34.0,0.99552,3.33,0.64,9.7,5,1525
6.8,0.064,38.0,0.99553,3.3,0.65,9.6,6,1526
7.9,0.096,59.0,0.99714,3.31,0.67,10.1,6,1528
7.1,0.063,52.0,0.99608,3.42,0.6,10.2,6,1529
6.6,0.063,18.0,0.99444,3.42,0.69,11.3,6,1530
6.1,0.081,28.0,0.99631,3.6,0.66,10.2,5,1531
7.2,0.058,22.0,0.99573,3.21,0.68,9.9,6,1532
8.0,0.07400000000000001,84.0,0.99717,3.39,0.61,9.0,5,1533
6.6,0.064,29.0,0.99397,3.42,0.62,11.7,7,1534
7.0,0.075,35.0,0.9959,3.36,0.59,9.7,6,1535
6.2,0.081,26.0,0.99538,3.57,0.63,12.0,5,1538
6.2,0.071,32.0,0.99646,3.56,0.63,11.6,6,1540
8.4,0.063,19.0,0.9955,3.17,0.81,11.2,7,1544
6.5,0.059,28.0,0.99531,3.36,0.64,10.1,6,1545
7.0,0.07200000000000001,26.0,0.99575,3.36,0.61,10.2,5,1546
11.2,0.099,50.0,0.99783,3.1,0.58,10.4,5,1548
7.4,0.07400000000000001,24.0,0.99419,3.24,0.7,11.4,8,1549
7.1,0.083,27.0,0.99768,3.44,0.54,9.4,5,1551
6.3,0.103,54.0,0.99586,3.51,0.66,11.3,6,1552
7.3,0.08,28.0,0.99765,3.41,0.6,9.4,5,1553
7.0,0.065,24.0,0.99514,3.44,0.68,10.55,7,1555
6.6,0.066,20.0,0.99636,3.53,0.56,9.9,5,1556
6.6,0.062,23.0,0.99627,3.54,0.6,11.0,6,1557
6.9,0.235,115.0,0.99787,3.22,0.56,9.5,5,1558
7.8,0.08,131.0,0.99622,3.21,0.52,9.9,5,1559
7.8,0.08,131.0,0.99622,3.21,0.52,9.9,5,1560
7.8,0.08,131.0,0.99622,3.21,0.52,9.9,5,1561
7.2,0.076,20.0,0.99546,3.29,0.54,10.1,5,1562
7.2,0.076,20.0,0.99546,3.29,0.54,10.1,5,1563
6.7,0.061,42.0,0.99489,3.39,0.82,10.9,6,1565
6.7,0.059,52.0,0.99494,3.34,0.71,11.2,6,1566
7.2,0.076,20.0,0.99546,3.29,0.54,10.1,5,1567
7.0,0.077,42.0,0.99629,3.34,0.59,9.2,5,1568
6.2,0.056,34.0,0.99396,3.48,0.57,11.5,6,1569
6.4,0.23,35.0,0.9934,3.37,0.93,12.4,6,1570
6.4,0.038,25.0,0.99514,3.44,0.65,11.1,6,1571
7.3,0.069,104.0,0.99632,3.33,0.51,9.5,5,1572
6.0,0.075,50.0,0.99467,3.58,0.67,12.5,6,1573
7.5,0.06,20.0,0.99474,3.26,0.64,11.8,6,1575
8.0,0.081,29.0,0.99588,3.3,0.78,10.8,6,1576
6.2,0.076,27.0,0.99622,3.54,0.6,11.9,6,1577
6.8,0.118,20.0,0.9954,3.42,0.67,11.3,6,1578
7.4,0.068,26.0,0.9947,3.36,0.6,11.9,6,1580
6.1,0.053,27.0,0.99362,3.57,0.5,11.9,5,1582
5.8,0.066,28.0,0.99483,3.55,0.66,10.9,6,1587
6.3,0.077,35.0,0.99314,3.32,0.82,11.6,6,1590
5.4,0.08900000000000001,26.0,0.99402,3.67,0.56,11.6,6,1591
6.3,0.076,40.0,0.99574,3.42,0.75,11.0,6,1592
6.8,0.068,38.0,0.99651,3.42,0.82,9.5,6,1593
6.2,0.09,44.0,0.9949,3.45,0.58,10.5,5,1594
5.9,0.062,51.0,0.99512,3.52,0.76,11.2,6,1595
